"","text","favorited","favoriteCount","replyToSN","created","truncated","replyToSID","id","replyToUID","statusSource","screenName","retweetCount","isRetweet","retweeted","longitude","latitude"
"1","RT @OriginalFunko: RT &amp; follow @OriginalFunko for the chance to win a @Walmart exclusive T-51 Power Armor Pop! #Fallout https://t.co/WSOgqB…",FALSE,0,NA,2018-11-15 10:21:00,FALSE,NA,"1063013995261628416",NA,"<a href=""http://twitter.com/download/android"" rel=""nofollow"">Twitter for Android</a>","Little_Viky",3989,TRUE,FALSE,NA,NA
"2","RT @OriginalFunko: RT &amp; follow @OriginalFunko for the chance to win a @Walmart exclusive T-51 Power Armor Pop! #Fallout https://t.co/WSOgqB…",FALSE,0,NA,2018-11-15 10:21:00,FALSE,NA,"1063013994137636864",NA,"<a href=""http://twitter.com/download/android"" rel=""nofollow"">Twitter for Android</a>","robstinnett",3989,TRUE,FALSE,NA,NA
"3","RT @OriginalFunko: RT &amp; follow @OriginalFunko for the chance to win a @Walmart exclusive T-51 Power Armor Pop! #Fallout https://t.co/WSOgqB…",FALSE,0,NA,2018-11-15 10:20:55,FALSE,NA,"1063013974214553600",NA,"<a href=""http://twitter.com/download/android"" rel=""nofollow"">Twitter for Android</a>","GramGordo",3989,TRUE,FALSE,NA,NA
"4","RT @OriginalFunko: RT &amp; follow @OriginalFunko for the chance to win a @Walmart exclusive T-51 Power Armor Pop! #Fallout https://t.co/WSOgqB…",FALSE,0,NA,2018-11-15 10:20:46,FALSE,NA,"1063013936134377472",NA,"<a href=""http://twitter.com/download/iphone"" rel=""nofollow"">Twitter for iPhone</a>","winsmusk",3989,TRUE,FALSE,NA,NA
"5","RT @OriginalFunko: RT &amp; follow @OriginalFunko for the chance to win a @Walmart exclusive T-51 Power Armor Pop! #Fallout https://t.co/WSOgqB…",FALSE,0,NA,2018-11-15 10:20:38,FALSE,NA,"1063013899220475906",NA,"<a href=""http://twitter.com/download/iphone"" rel=""nofollow"">Twitter for iPhone</a>","Ta2D_COLON",3989,TRUE,FALSE,NA,NA
"6","RT @OriginalFunko: RT &amp; follow @OriginalFunko for the chance to win a @Walmart exclusive T-51 Power Armor Pop! #Fallout https://t.co/WSOgqB…",FALSE,0,NA,2018-11-15 10:20:32,FALSE,NA,"1063013877611401216",NA,"<a href=""http://twitter.com/download/android"" rel=""nofollow"">Twitter for Android</a>","mr_nickkkkk",3989,TRUE,FALSE,NA,NA
"7","RT @SharmaShradha: Lack of “TRANSPARENCY” around a case for which “lack of transparency” is cited as a major reason. Carefully worded words…",FALSE,0,NA,2018-11-15 10:20:12,FALSE,NA,"1063013793536634880",NA,"<a href=""http://twitter.com/download/android"" rel=""nofollow"">Twitter for Android</a>","mnvishal05",37,TRUE,FALSE,NA,NA
"8","@srinivas6019 @UfterYou @flipkartsupport @Flipkart @timesofindia @ndtv @TimesNow @htTweets @the_hindu @IndiaToday… https://t.co/VQebKnT2P1",FALSE,0,"srinivas6019",2018-11-15 10:20:10,TRUE,"1062924563082690560","1063013782623019009","3310990454","<a href=""http://twitter.com/download/android"" rel=""nofollow"">Twitter for Android</a>","ghanshyammm",0,FALSE,FALSE,NA,NA
"9","RT @OriginalFunko: RT &amp; follow @OriginalFunko for the chance to win a @Walmart exclusive T-51 Power Armor Pop! #Fallout https://t.co/WSOgqB…",FALSE,0,NA,2018-11-15 10:20:02,FALSE,NA,"1063013751153180672",NA,"<a href=""http://twitter.com/download/android"" rel=""nofollow"">Twitter for Android</a>","8m8lin8",3989,TRUE,FALSE,NA,NA
"10","RT @OriginalFunko: RT &amp; follow @OriginalFunko for the chance to win a @Walmart exclusive T-51 Power Armor Pop! #Fallout https://t.co/WSOgqB…",FALSE,0,NA,2018-11-15 10:19:51,FALSE,NA,"1063013705380638720",NA,"<a href=""http://twitter.com/download/iphone"" rel=""nofollow"">Twitter for iPhone</a>","ssparklinggg",3989,TRUE,FALSE,NA,NA
"11","RT @Dr_M_Schu: #efood: @Walmart Exploring #Driverless #Delivery in Miami https://t.co/EthtJVEfEI #strategy #egrocery #fooddelivery",FALSE,0,NA,2018-11-15 10:19:45,FALSE,NA,"1063013678876950533",NA,"<a href=""https://www.linkedin.com"" rel=""nofollow"">MavenBot</a>","TrackBots",1,TRUE,FALSE,NA,NA
"12","RT @OriginalFunko: RT &amp; follow @OriginalFunko for the chance to win a @Walmart exclusive T-51 Power Armor Pop! #Fallout https://t.co/WSOgqB…",FALSE,0,NA,2018-11-15 10:19:40,FALSE,NA,"1063013658165436416",NA,"<a href=""http://twitter.com/download/iphone"" rel=""nofollow"">Twitter for iPhone</a>","LPxDC",3989,TRUE,FALSE,NA,NA
"13","RT @DesignationSix: Here are some @FoxNews advertisers. They are tagged so they will be notified for each LIKE RETWEET or COMMENT. DO NOT B…",FALSE,0,NA,2018-11-15 10:19:13,FALSE,NA,"1063013544764018688",NA,"<a href=""http://twitter.com/download/android"" rel=""nofollow"">Twitter for Android</a>","Kelley4AL",1779,TRUE,FALSE,NA,NA
"14","RT @OriginalFunko: RT &amp; follow @OriginalFunko for the chance to win a @Walmart exclusive T-51 Power Armor Pop! #Fallout https://t.co/WSOgqB…",FALSE,0,NA,2018-11-15 10:18:44,FALSE,NA,"1063013423712296960",NA,"<a href=""http://twitter.com/download/android"" rel=""nofollow"">Twitter for Android</a>","mamadukes1019",3989,TRUE,FALSE,NA,NA
"15","RT @OriginalFunko: RT &amp; follow @OriginalFunko for the chance to win a @Walmart exclusive T-51 Power Armor Pop! #Fallout https://t.co/WSOgqB…",FALSE,0,NA,2018-11-15 10:18:37,FALSE,NA,"1063013392510803968",NA,"<a href=""http://twitter.com/download/iphone"" rel=""nofollow"">Twitter for iPhone</a>","bratjmc",3989,TRUE,FALSE,NA,NA
"16","@srinivas6019 @UfterYou @flipkartsupport @Flipkart @timesofindia @ndtv @TimesNow @htTweets @the_hindu @IndiaToday… https://t.co/uIi2itGhGa",FALSE,0,"srinivas6019",2018-11-15 10:18:33,TRUE,"1062924563082690560","1063013377440694272","3310990454","<a href=""http://twitter.com/download/android"" rel=""nofollow"">Twitter for Android</a>","ghanshyammm",0,FALSE,FALSE,NA,NA
"17","RT @OriginalFunko: RT &amp; follow @OriginalFunko for the chance to win a @Walmart exclusive T-51 Power Armor Pop! #Fallout https://t.co/WSOgqB…",FALSE,0,NA,2018-11-15 10:18:08,FALSE,NA,"1063013273136705536",NA,"<a href=""http://twitter.com/download/android"" rel=""nofollow"">Twitter for Android</a>","j_gar30",3989,TRUE,FALSE,NA,NA
"18","RT @OriginalFunko: RT &amp; follow @OriginalFunko for the chance to win a @Walmart exclusive T-51 Power Armor Pop! #Fallout https://t.co/WSOgqB…",FALSE,0,NA,2018-11-15 10:18:08,FALSE,NA,"1063013271085703168",NA,"<a href=""http://twitter.com/download/iphone"" rel=""nofollow"">Twitter for iPhone</a>","ColinSechler",3989,TRUE,FALSE,NA,NA
"19","RT @OriginalFunko: RT &amp; follow @OriginalFunko for the chance to win a @Walmart exclusive T-51 Power Armor Pop! #Fallout https://t.co/WSOgqB…",FALSE,0,NA,2018-11-15 10:17:55,FALSE,NA,"1063013216253550592",NA,"<a href=""http://twitter.com/download/android"" rel=""nofollow"">Twitter for Android</a>","dedecidao",3989,TRUE,FALSE,NA,NA
"20","RT @OriginalFunko: RT &amp; follow @OriginalFunko for the chance to win a @Walmart exclusive T-51 Power Armor Pop! #Fallout https://t.co/WSOgqB…",FALSE,0,NA,2018-11-15 10:17:48,FALSE,NA,"1063013186117554177",NA,"<a href=""http://twitter.com/download/iphone"" rel=""nofollow"">Twitter for iPhone</a>","Matt4sythe",3989,TRUE,FALSE,NA,NA
"21","RT @OriginalFunko: RT &amp; follow @OriginalFunko for the chance to win a @Walmart exclusive T-51 Power Armor Pop! #Fallout https://t.co/WSOgqB…",FALSE,0,NA,2018-11-15 10:17:06,FALSE,NA,"1063013010975977472",NA,"<a href=""http://twitter.com/download/android"" rel=""nofollow"">Twitter for Android</a>","harleyquinn76",3989,TRUE,FALSE,NA,NA
"22","RT @OriginalFunko: RT &amp; follow @OriginalFunko for the chance to win a @Walmart exclusive T-51 Power Armor Pop! #Fallout https://t.co/WSOgqB…",FALSE,0,NA,2018-11-15 10:17:02,FALSE,NA,"1063012993611501568",NA,"<a href=""http://twitter.com/download/iphone"" rel=""nofollow"">Twitter for iPhone</a>","Circa1978Gamer",3989,TRUE,FALSE,NA,NA
"23","RT @OriginalFunko: RT &amp; follow @OriginalFunko for the chance to win a @Walmart exclusive T-51 Power Armor Pop! #Fallout https://t.co/WSOgqB…",FALSE,0,NA,2018-11-15 10:17:01,FALSE,NA,"1063012989446619136",NA,"<a href=""http://twitter.com/download/iphone"" rel=""nofollow"">Twitter for iPhone</a>","Skids_World",3989,TRUE,FALSE,NA,NA
"24","RT @OriginalFunko: RT &amp; follow @OriginalFunko for the chance to win a @Walmart exclusive T-51 Power Armor Pop! #Fallout https://t.co/WSOgqB…",FALSE,0,NA,2018-11-15 10:16:10,FALSE,NA,"1063012777713958912",NA,"<a href=""http://twitter.com/download/android"" rel=""nofollow"">Twitter for Android</a>","nomad12477",3989,TRUE,FALSE,NA,NA
"25","RT @OriginalFunko: RT &amp; follow @OriginalFunko for the chance to win a @Walmart exclusive T-51 Power Armor Pop! #Fallout https://t.co/WSOgqB…",FALSE,0,NA,2018-11-15 10:15:39,FALSE,NA,"1063012648382619648",NA,"<a href=""http://twitter.com/download/android"" rel=""nofollow"">Twitter for Android</a>","blakoutxx",3989,TRUE,FALSE,NA,NA
"26","RT @OriginalFunko: RT &amp; follow @OriginalFunko for the chance to win a @Walmart exclusive T-51 Power Armor Pop! #Fallout https://t.co/WSOgqB…",FALSE,0,NA,2018-11-15 10:15:38,FALSE,NA,"1063012641940082689",NA,"<a href=""http://twitter.com/download/android"" rel=""nofollow"">Twitter for Android</a>","DrkNvmbr81",3989,TRUE,FALSE,NA,NA
"27","RT @OriginalFunko: RT &amp; follow @OriginalFunko for the chance to win a @Walmart exclusive T-51 Power Armor Pop! #Fallout https://t.co/WSOgqB…",FALSE,0,NA,2018-11-15 10:15:36,FALSE,NA,"1063012633102729216",NA,"<a href=""http://twitter.com/download/iphone"" rel=""nofollow"">Twitter for iPhone</a>","Radiatron18",3989,TRUE,FALSE,NA,NA
"28","RT @OriginalFunko: RT &amp; follow @OriginalFunko for the chance to win a @Walmart exclusive T-51 Power Armor Pop! #Fallout https://t.co/WSOgqB…",FALSE,0,NA,2018-11-15 10:15:25,FALSE,NA,"1063012586998915077",NA,"<a href=""http://twitter.com/download/iphone"" rel=""nofollow"">Twitter for iPhone</a>","R33LTerra",3989,TRUE,FALSE,NA,NA
"29","RT @OriginalFunko: RT &amp; follow @OriginalFunko for the chance to win a @Walmart exclusive T-51 Power Armor Pop! #Fallout https://t.co/WSOgqB…",FALSE,0,NA,2018-11-15 10:15:17,FALSE,NA,"1063012554631507968",NA,"<a href=""http://twitter.com/download/iphone"" rel=""nofollow"">Twitter for iPhone</a>","Myke_88",3989,TRUE,FALSE,NA,NA
"30","RT @OriginalFunko: RT &amp; follow @OriginalFunko for the chance to win a @Walmart exclusive T-51 Power Armor Pop! #Fallout https://t.co/WSOgqB…",FALSE,0,NA,2018-11-15 10:15:09,FALSE,NA,"1063012519843938305",NA,"<a href=""http://twitter.com/download/iphone"" rel=""nofollow"">Twitter for iPhone</a>","Steven43908689",3989,TRUE,FALSE,NA,NA
"31","@BreakingNews_RS <U+2764><U+FE0F> @Walmart",FALSE,0,"BreakingNews_RS",2018-11-15 10:14:54,FALSE,"1062525533618081793","1063012459798257664","97622779","<a href=""http://twitter.com/download/iphone"" rel=""nofollow"">Twitter for iPhone</a>","SilentO43814053",0,FALSE,FALSE,NA,NA
"32","RT @DesignationSix: Here are some @FoxNews sponsors. They are tagged so they will be notified for each LIKE RETWEET or COMMENT.
@KraftHeinz…",FALSE,0,NA,2018-11-15 10:14:36,FALSE,NA,"1063012383768096769",NA,"<a href=""http://twitter.com/download/android"" rel=""nofollow"">Twitter for Android</a>","GantMichael",215,TRUE,FALSE,NA,NA
"33","RT @OriginalFunko: RT &amp; follow @OriginalFunko for the chance to win a @Walmart exclusive T-51 Power Armor Pop! #Fallout https://t.co/WSOgqB…",FALSE,0,NA,2018-11-15 10:14:20,FALSE,NA,"1063012313626746881",NA,"<a href=""http://twitter.com/download/android"" rel=""nofollow"">Twitter for Android</a>","Jack204863",3989,TRUE,FALSE,NA,NA
"34","RT @OriginalFunko: RT &amp; follow @OriginalFunko for the chance to win a @Walmart exclusive T-51 Power Armor Pop! #Fallout https://t.co/WSOgqB…",FALSE,0,NA,2018-11-15 10:14:12,FALSE,NA,"1063012281204830208",NA,"<a href=""http://twitter.com/#!/download/ipad"" rel=""nofollow"">Twitter for iPad</a>","spydermage14",3989,TRUE,FALSE,NA,NA
"35","RT @OriginalFunko: RT &amp; follow @OriginalFunko for the chance to win a @Walmart exclusive T-51 Power Armor Pop! #Fallout https://t.co/WSOgqB…",FALSE,0,NA,2018-11-15 10:13:50,FALSE,NA,"1063012188280025088",NA,"<a href=""http://twitter.com/download/iphone"" rel=""nofollow"">Twitter for iPhone</a>","clarat1976",3989,TRUE,FALSE,NA,NA
"36","RT @OriginalFunko: RT &amp; follow @OriginalFunko for the chance to win a @Walmart exclusive T-51 Power Armor Pop! #Fallout https://t.co/WSOgqB…",FALSE,0,NA,2018-11-15 10:13:40,FALSE,NA,"1063012149306347520",NA,"<a href=""http://twitter.com/download/iphone"" rel=""nofollow"">Twitter for iPhone</a>","deriel_IX",3989,TRUE,FALSE,NA,NA
"37",".@Walmart is partnering with @Ford to explore online delivery with autonomous vehicle technology @WalmartTech… https://t.co/YdM5LqgPbH",FALSE,1,NA,2018-11-15 10:13:10,TRUE,NA,"1063012019991965696",NA,"<a href=""http://twitter.com"" rel=""nofollow"">Twitter Web Client</a>","RTIH_RetailTech",0,FALSE,FALSE,NA,NA
"38","RT @RealJamesWoods: Hey, @Walmart, can you arrange to keep your bathrooms open in #Chico for the #evacuees sheltered in your parking lot, p…",FALSE,0,NA,2018-11-15 10:13:01,FALSE,NA,"1063011984587788288",NA,"<a href=""http://twitter.com/#!/download/ipad"" rel=""nofollow"">Twitter for iPad</a>","nhspirit201",3707,TRUE,FALSE,NA,NA
"39","RT @DesignationSix: Here are some @FoxNews advertisers. They are tagged so they will be notified for each LIKE RETWEET or COMMENT. DO NOT B…",FALSE,0,NA,2018-11-15 10:12:57,FALSE,NA,"1063011968662016000",NA,"<a href=""http://twitter.com/download/android"" rel=""nofollow"">Twitter for Android</a>","PatsyWi00103169",1779,TRUE,FALSE,NA,NA
"40","Why not extend Black Friday sales to India??? @amazonIN @BestBuy @Kohls @Target @Walmart @Macys @HomeDepot",FALSE,0,NA,2018-11-15 10:12:33,FALSE,NA,"1063011865561911297",NA,"<a href=""http://twitter.com"" rel=""nofollow"">Twitter Web Client</a>","KuchBhi_123",0,FALSE,FALSE,NA,NA
"41","RT @OriginalFunko: RT &amp; follow @OriginalFunko for the chance to win a @Walmart exclusive T-51 Power Armor Pop! #Fallout https://t.co/WSOgqB…",FALSE,0,NA,2018-11-15 10:12:21,FALSE,NA,"1063011815481847808",NA,"<a href=""http://www.testadigrancazzochenonseialtro.co.it"" rel=""nofollow"">leballesonogiratissime</a>","Igor_Mizzi",3989,TRUE,FALSE,NA,NA
"42","RT @OriginalFunko: RT &amp; follow @OriginalFunko for the chance to win a @Walmart exclusive T-51 Power Armor Pop! #Fallout https://t.co/WSOgqB…",FALSE,0,NA,2018-11-15 10:12:15,FALSE,NA,"1063011793268850688",NA,"<a href=""http://twitter.com/download/iphone"" rel=""nofollow"">Twitter for iPhone</a>","sformato",3989,TRUE,FALSE,NA,NA
"43","RT @OriginalFunko: RT &amp; follow @OriginalFunko for the chance to win a @Walmart exclusive T-51 Power Armor Pop! #Fallout https://t.co/WSOgqB…",FALSE,0,NA,2018-11-15 10:12:12,FALSE,NA,"1063011778987208704",NA,"<a href=""http://twitter.com"" rel=""nofollow"">Twitter Web Client</a>","sithdog67",3989,TRUE,FALSE,NA,NA
"44","RT @OriginalFunko: RT &amp; follow @OriginalFunko for the chance to win a @Walmart exclusive T-51 Power Armor Pop! #Fallout https://t.co/WSOgqB…",FALSE,0,NA,2018-11-15 10:11:43,FALSE,NA,"1063011655276101632",NA,"<a href=""http://twitter.com/download/iphone"" rel=""nofollow"">Twitter for iPhone</a>","ian0404",3989,TRUE,FALSE,NA,NA
"45","@flipkartsupport @Flipkart @WalmartInc @Walmart @_sachinbansal @binnybansal @_Kalyan_K As communicated by both soci… https://t.co/myY1wxMODr",FALSE,0,"flipkartsupport",2018-11-15 10:11:39,TRUE,"1062326598316126208","1063011641263091717","951522626","<a href=""https://mobile.twitter.com"" rel=""nofollow"">Twitter Lite</a>","niksi89",0,FALSE,FALSE,NA,NA
"46","RT @OriginalFunko: RT &amp; follow @OriginalFunko for the chance to win a @Walmart exclusive T-51 Power Armor Pop! #Fallout https://t.co/WSOgqB…",FALSE,0,NA,2018-11-15 10:11:19,FALSE,NA,"1063011556567498752",NA,"<a href=""http://twitter.com/download/iphone"" rel=""nofollow"">Twitter for iPhone</a>","cthul_who",3989,TRUE,FALSE,NA,NA
"47","RT @srinivas6019: @flipkartsupport @Flipkart @timesofindia @ndtv @TimesNow @htTweets @the_hindu @IndiaToday @_Kalyan_K @UfterYou @consaff @…",FALSE,0,NA,2018-11-15 10:11:11,FALSE,NA,"1063011521024864256",NA,"<a href=""http://twitter.com/download/android"" rel=""nofollow"">Twitter for Android</a>","UfterYou",1,TRUE,FALSE,NA,NA
"48","RT @OriginalFunko: RT &amp; follow @OriginalFunko for the chance to win a @Walmart exclusive T-51 Power Armor Pop! #Fallout https://t.co/WSOgqB…",FALSE,0,NA,2018-11-15 10:11:01,FALSE,NA,"1063011482596720641",NA,"<a href=""http://twitter.com/download/android"" rel=""nofollow"">Twitter for Android</a>","Brolenus",3989,TRUE,FALSE,NA,NA
"49","RT @OriginalFunko: RT &amp; follow @OriginalFunko for the chance to win a @Walmart exclusive T-51 Power Armor Pop! #Fallout https://t.co/WSOgqB…",FALSE,0,NA,2018-11-15 10:10:36,FALSE,NA,"1063011376879280128",NA,"<a href=""http://twitter.com/download/iphone"" rel=""nofollow"">Twitter for iPhone</a>","chet_sanchez1",3989,TRUE,FALSE,NA,NA
"50","RT @OriginalFunko: RT &amp; follow @OriginalFunko for the chance to win a @Walmart exclusive T-51 Power Armor Pop! #Fallout https://t.co/WSOgqB…",FALSE,0,NA,2018-11-15 10:10:26,FALSE,NA,"1063011334378450944",NA,"<a href=""http://twitter.com/download/android"" rel=""nofollow"">Twitter for Android</a>","Saforoman",3989,TRUE,FALSE,NA,NA
"51","RT @OriginalFunko: RT &amp; follow @OriginalFunko for the chance to win a @Walmart exclusive T-51 Power Armor Pop! #Fallout https://t.co/WSOgqB…",FALSE,0,NA,2018-11-15 10:10:25,FALSE,NA,"1063011331035541504",NA,"<a href=""http://roteanolemiepalle.co.uk"" rel=""nofollow"">strionzodimerda</a>","silviaz80",3989,TRUE,FALSE,NA,NA
"52","RT @OriginalFunko: RT &amp; follow @OriginalFunko for the chance to win a @Walmart exclusive T-51 Power Armor Pop! #Fallout https://t.co/WSOgqB…",FALSE,0,NA,2018-11-15 10:10:18,FALSE,NA,"1063011299708297216",NA,"<a href=""http://twitter.com/download/android"" rel=""nofollow"">Twitter for Android</a>","reverce_360",3989,TRUE,FALSE,NA,NA
"53","RT @OriginalFunko: RT &amp; follow @OriginalFunko for the chance to win a @Walmart exclusive T-51 Power Armor Pop! #Fallout https://t.co/WSOgqB…",FALSE,0,NA,2018-11-15 10:10:03,FALSE,NA,"1063011236206526464",NA,"<a href=""http://twitter.com/#!/download/ipad"" rel=""nofollow"">Twitter for iPad</a>","davekim7777",3989,TRUE,FALSE,NA,NA
"54","RT @jennyespino_RS: ""I saw unimaginable … things I’ve never really seen in my life.” A @Walmart parking lot has become a refuge for people…",FALSE,0,NA,2018-11-15 10:09:16,FALSE,NA,"1063011039455862784",NA,"<a href=""http://twitter.com/download/iphone"" rel=""nofollow"">Twitter for iPhone</a>","MSChristine_",57,TRUE,FALSE,NA,NA
"55","RT @OriginalFunko: RT &amp; follow @OriginalFunko for the chance to win a @Walmart exclusive T-51 Power Armor Pop! #Fallout https://t.co/WSOgqB…",FALSE,0,NA,2018-11-15 10:08:41,FALSE,NA,"1063010893280264192",NA,"<a href=""http://twitter.com/download/iphone"" rel=""nofollow"">Twitter for iPhone</a>","11chase_weeks",3989,TRUE,FALSE,NA,NA
"56","RT @OriginalFunko: RT &amp; follow @OriginalFunko for the chance to win a @Walmart exclusive T-51 Power Armor Pop! #Fallout https://t.co/WSOgqB…",FALSE,0,NA,2018-11-15 10:08:31,FALSE,NA,"1063010851504812032",NA,"<a href=""http://twitter.com/download/android"" rel=""nofollow"">Twitter for Android</a>","RobersonShawn",3989,TRUE,FALSE,NA,NA
"57","RT @OriginalFunko: RT &amp; follow @OriginalFunko for the chance to win a @Walmart exclusive T-51 Power Armor Pop! #Fallout https://t.co/WSOgqB…",FALSE,0,NA,2018-11-15 10:08:07,FALSE,NA,"1063010751294648321",NA,"<a href=""http://twitter.com/download/android"" rel=""nofollow"">Twitter for Android</a>","SalsaCrazy1",3989,TRUE,FALSE,NA,NA
"58","RT @OriginalFunko: RT &amp; follow @OriginalFunko for the chance to win a @Walmart exclusive T-51 Power Armor Pop! #Fallout https://t.co/WSOgqB…",FALSE,0,NA,2018-11-15 10:08:01,FALSE,NA,"1063010724979458048",NA,"<a href=""http://twitter.com/download/android"" rel=""nofollow"">Twitter for Android</a>","XIIVI",3989,TRUE,FALSE,NA,NA
"59","@theflanjohn @Nintendork9 @asda @Walmart with luck @asda or @Walmart will respond with good news",FALSE,1,"theflanjohn",2018-11-15 10:07:51,FALSE,"1063009298064781317","1063010685909643264","233141573","<a href=""http://twitter.com"" rel=""nofollow"">Twitter Web Client</a>","billysastard1",0,FALSE,FALSE,NA,NA
"60","RT @OriginalFunko: RT &amp; follow @OriginalFunko for the chance to win a @Walmart exclusive T-51 Power Armor Pop! #Fallout https://t.co/WSOgqB…",FALSE,0,NA,2018-11-15 10:07:44,FALSE,NA,"1063010656159481859",NA,"<a href=""http://twitter.com/download/android"" rel=""nofollow"">Twitter for Android</a>","BloodLustSoldr",3989,TRUE,FALSE,NA,NA
"61","RT @OriginalFunko: RT &amp; follow @OriginalFunko for the chance to win a @Walmart exclusive T-51 Power Armor Pop! #Fallout https://t.co/WSOgqB…",FALSE,0,NA,2018-11-15 10:07:44,FALSE,NA,"1063010653890400257",NA,"<a href=""http://twitter.com/download/android"" rel=""nofollow"">Twitter for Android</a>","Mrmordo85",3989,TRUE,FALSE,NA,NA
"62","RT @NintendoAmerica: Bring some excitement to your family game night with this deal exclusively @Walmart, featuring a $50 value! Grab this…",FALSE,0,NA,2018-11-15 10:07:27,FALSE,NA,"1063010583019184129",NA,"<a href=""http://twitter.com/download/iphone"" rel=""nofollow"">Twitter for iPhone</a>","Roz57702278",31,TRUE,FALSE,NA,NA
"63","RT @OriginalFunko: RT &amp; follow @OriginalFunko for the chance to win a @Walmart exclusive T-51 Power Armor Pop! #Fallout https://t.co/WSOgqB…",FALSE,0,NA,2018-11-15 10:07:25,FALSE,NA,"1063010574840274949",NA,"<a href=""http://twitter.com/download/android"" rel=""nofollow"">Twitter for Android</a>","BeMoreRogers",3989,TRUE,FALSE,NA,NA
"64","RT @OriginalFunko: RT &amp; follow @OriginalFunko for the chance to win a @Walmart exclusive T-51 Power Armor Pop! #Fallout https://t.co/WSOgqB…",FALSE,0,NA,2018-11-15 10:07:19,FALSE,NA,"1063010549397622786",NA,"<a href=""http://twitter.com/download/android"" rel=""nofollow"">Twitter for Android</a>","LordBelial84",3989,TRUE,FALSE,NA,NA
"65","RT @OriginalFunko: RT &amp; follow @OriginalFunko for the chance to win a @Walmart exclusive T-51 Power Armor Pop! #Fallout https://t.co/WSOgqB…",FALSE,0,NA,2018-11-15 10:07:19,FALSE,NA,"1063010549208965120",NA,"<a href=""http://twitter.com/download/android"" rel=""nofollow"">Twitter for Android</a>","Kopite_78",3989,TRUE,FALSE,NA,NA
"66","RT @OriginalFunko: RT &amp; follow @OriginalFunko for the chance to win a @Walmart exclusive T-51 Power Armor Pop! #Fallout https://t.co/WSOgqB…",FALSE,0,NA,2018-11-15 10:07:18,FALSE,NA,"1063010547057246208",NA,"<a href=""http://twitter.com/download/iphone"" rel=""nofollow"">Twitter for iPhone</a>","BadLoutre",3989,TRUE,FALSE,NA,NA
"67","RT @OriginalFunko: RT &amp; follow @OriginalFunko for the chance to win a @Walmart exclusive T-51 Power Armor Pop! #Fallout https://t.co/WSOgqB…",FALSE,0,NA,2018-11-15 10:07:14,FALSE,NA,"1063010528669454337",NA,"<a href=""http://twitter.com/download/iphone"" rel=""nofollow"">Twitter for iPhone</a>","djisherenow",3989,TRUE,FALSE,NA,NA
"68","RT @theflanjohn: @billysastard1 @Nintendork9 @asda @Walmart Hopefully",FALSE,0,NA,2018-11-15 10:06:58,FALSE,NA,"1063010463229845504",NA,"<a href=""http://twitter.com"" rel=""nofollow"">Twitter Web Client</a>","billysastard1",1,TRUE,FALSE,NA,NA
"69","RT @OriginalFunko: RT &amp; follow @OriginalFunko for the chance to win a @Walmart exclusive T-51 Power Armor Pop! #Fallout https://t.co/WSOgqB…",FALSE,0,NA,2018-11-15 10:06:44,FALSE,NA,"1063010401309392896",NA,"<a href=""http://twitter.com/download/iphone"" rel=""nofollow"">Twitter for iPhone</a>","Jackbutler22130",3989,TRUE,FALSE,NA,NA
"70","RT @OriginalFunko: RT &amp; follow @OriginalFunko for the chance to win a @Walmart exclusive T-51 Power Armor Pop! #Fallout https://t.co/WSOgqB…",FALSE,0,NA,2018-11-15 10:06:40,FALSE,NA,"1063010386767532032",NA,"<a href=""http://twitter.com/download/iphone"" rel=""nofollow"">Twitter for iPhone</a>","slvrwlf25",3989,TRUE,FALSE,NA,NA
"71","RT @OriginalFunko: RT &amp; follow @OriginalFunko for the chance to win a @Walmart exclusive T-51 Power Armor Pop! #Fallout https://t.co/WSOgqB…",FALSE,0,NA,2018-11-15 10:06:33,FALSE,NA,"1063010358863032321",NA,"<a href=""http://twitter.com/download/iphone"" rel=""nofollow"">Twitter for iPhone</a>","G8rFan5",3989,TRUE,FALSE,NA,NA
"72","RT @OriginalFunko: RT &amp; follow @OriginalFunko for the chance to win a @Walmart exclusive T-51 Power Armor Pop! #Fallout https://t.co/WSOgqB…",FALSE,0,NA,2018-11-15 10:06:33,FALSE,NA,"1063010357231448064",NA,"<a href=""http://twitter.com/download/android"" rel=""nofollow"">Twitter for Android</a>","PhunkJunkee",3989,TRUE,FALSE,NA,NA
"73","RT @OriginalFunko: RT &amp; follow @OriginalFunko for the chance to win a @Walmart exclusive T-51 Power Armor Pop! #Fallout https://t.co/WSOgqB…",FALSE,0,NA,2018-11-15 10:06:26,FALSE,NA,"1063010326554333185",NA,"<a href=""http://twitter.com"" rel=""nofollow"">Twitter Web Client</a>","otbblazemaster",3989,TRUE,FALSE,NA,NA
"74","RT @OriginalFunko: RT &amp; follow @OriginalFunko for the chance to win a @Walmart exclusive T-51 Power Armor Pop! #Fallout https://t.co/WSOgqB…",FALSE,0,NA,2018-11-15 10:06:23,FALSE,NA,"1063010315997196289",NA,"<a href=""http://twitter.com/download/android"" rel=""nofollow"">Twitter for Android</a>","kingPacmen",3989,TRUE,FALSE,NA,NA
"75","RT @OriginalFunko: RT &amp; follow @OriginalFunko for the chance to win a @Walmart exclusive T-51 Power Armor Pop! #Fallout https://t.co/WSOgqB…",FALSE,0,NA,2018-11-15 10:06:21,FALSE,NA,"1063010307113713664",NA,"<a href=""http://twitter.com/download/android"" rel=""nofollow"">Twitter for Android</a>","_jmguevarra",3989,TRUE,FALSE,NA,NA
"76","RT @OriginalFunko: RT &amp; follow @OriginalFunko for the chance to win a @Walmart exclusive T-51 Power Armor Pop! #Fallout https://t.co/WSOgqB…",FALSE,0,NA,2018-11-15 10:06:11,FALSE,NA,"1063010265216749568",NA,"<a href=""http://twitter.com"" rel=""nofollow"">Twitter Web Client</a>","BobelnaC",3989,TRUE,FALSE,NA,NA
"77","RT @OriginalFunko: RT &amp; follow @OriginalFunko for the chance to win a @Walmart exclusive T-51 Power Armor Pop! #Fallout https://t.co/WSOgqB…",FALSE,0,NA,2018-11-15 10:05:58,FALSE,NA,"1063010211408105472",NA,"<a href=""http://twitter.com/download/android"" rel=""nofollow"">Twitter for Android</a>","DrMarioKart",3989,TRUE,FALSE,NA,NA
"78","RT @OriginalFunko: RT &amp; follow @OriginalFunko for the chance to win a @Walmart exclusive T-51 Power Armor Pop! #Fallout https://t.co/WSOgqB…",FALSE,0,NA,2018-11-15 10:05:53,FALSE,NA,"1063010190096773120",NA,"<a href=""https://about.twitter.com/products/tweetdeck"" rel=""nofollow"">TweetDeck</a>","leloup146",3989,TRUE,FALSE,NA,NA
"79","RT @OriginalFunko: RT &amp; follow @OriginalFunko for the chance to win a @Walmart exclusive T-51 Power Armor Pop! #Fallout https://t.co/WSOgqB…",FALSE,0,NA,2018-11-15 10:05:34,FALSE,NA,"1063010110069448704",NA,"<a href=""http://twitter.com/download/android"" rel=""nofollow"">Twitter for Android</a>","field133",3989,TRUE,FALSE,NA,NA
"80","RT @OriginalFunko: RT &amp; follow @OriginalFunko for the chance to win a @Walmart exclusive T-51 Power Armor Pop! #Fallout https://t.co/WSOgqB…",FALSE,0,NA,2018-11-15 10:05:14,FALSE,NA,"1063010025906601984",NA,"<a href=""http://twitter.com/download/iphone"" rel=""nofollow"">Twitter for iPhone</a>","robg329",3989,TRUE,FALSE,NA,NA
"81","#efood: @Walmart Exploring #Driverless #Delivery in Miami https://t.co/EthtJVEfEI #strategy #egrocery #fooddelivery",FALSE,0,NA,2018-11-15 10:05:07,FALSE,NA,"1063009997263659010",NA,"<a href=""https://www.hootsuite.com"" rel=""nofollow"">Hootsuite Inc.</a>","Dr_M_Schu",1,FALSE,FALSE,NA,NA
"82","RT @OriginalFunko: RT &amp; follow @OriginalFunko for the chance to win a @Walmart exclusive T-51 Power Armor Pop! #Fallout https://t.co/WSOgqB…",FALSE,0,NA,2018-11-15 10:05:00,FALSE,NA,"1063009966469140480",NA,"<a href=""http://twitter.com/download/android"" rel=""nofollow"">Twitter for Android</a>","The_LizMarshall",3989,TRUE,FALSE,NA,NA
"83","RT @OriginalFunko: RT &amp; follow @OriginalFunko for the chance to win a @Walmart exclusive T-51 Power Armor Pop! #Fallout https://t.co/WSOgqB…",FALSE,0,NA,2018-11-15 10:04:43,FALSE,NA,"1063009894964625408",NA,"<a href=""http://twitter.com/download/android"" rel=""nofollow"">Twitter for Android</a>","Podboy5622",3989,TRUE,FALSE,NA,NA
"84","RT @kyleecooks: An easy Roast Chicken dinner, with delicious vegetables, cooked all together on one sheet pan and drizzled with a gorgeous…",FALSE,0,NA,2018-11-15 10:04:17,FALSE,NA,"1063009787464441856",NA,"<a href=""http://twitter.com"" rel=""nofollow"">Twitter Web Client</a>","laigamboa8",21,TRUE,FALSE,NA,NA
"85","RT @OriginalFunko: RT &amp; follow @OriginalFunko for the chance to win a @Walmart exclusive T-51 Power Armor Pop! #Fallout https://t.co/WSOgqB…",FALSE,0,NA,2018-11-15 10:04:12,FALSE,NA,"1063009765465513985",NA,"<a href=""http://twitter.com/download/android"" rel=""nofollow"">Twitter for Android</a>","specht_nick",3989,TRUE,FALSE,NA,NA
"86","RT @OriginalFunko: RT &amp; follow @OriginalFunko for the chance to win a @Walmart exclusive T-51 Power Armor Pop! #Fallout https://t.co/WSOgqB…",FALSE,0,NA,2018-11-15 10:04:10,FALSE,NA,"1063009757370503168",NA,"<a href=""http://twitter.com/download/android"" rel=""nofollow"">Twitter for Android</a>","NicholasFerran",3989,TRUE,FALSE,NA,NA
"87","RT @OriginalFunko: RT &amp; follow @OriginalFunko for the chance to win a @Walmart exclusive T-51 Power Armor Pop! #Fallout https://t.co/WSOgqB…",FALSE,0,NA,2018-11-15 10:03:56,FALSE,NA,"1063009696821469184",NA,"<a href=""http://twitter.com/download/iphone"" rel=""nofollow"">Twitter for iPhone</a>","BiLlYmAcH",3989,TRUE,FALSE,NA,NA
"88","RT @OriginalFunko: RT &amp; follow @OriginalFunko for the chance to win a @Walmart exclusive T-51 Power Armor Pop! #Fallout https://t.co/WSOgqB…",FALSE,0,NA,2018-11-15 10:02:54,FALSE,NA,"1063009438418825216",NA,"<a href=""http://twitter.com/download/android"" rel=""nofollow"">Twitter for Android</a>","brandnewfunko",3989,TRUE,FALSE,NA,NA
"89","RT @OriginalFunko: RT &amp; follow @OriginalFunko for the chance to win a @Walmart exclusive T-51 Power Armor Pop! #Fallout https://t.co/WSOgqB…",FALSE,0,NA,2018-11-15 10:02:39,FALSE,NA,"1063009373717479424",NA,"<a href=""http://twitter.com/download/iphone"" rel=""nofollow"">Twitter for iPhone</a>","JuanJo_Teodoro",3989,TRUE,FALSE,NA,NA
"90","RT @OriginalFunko: RT &amp; follow @OriginalFunko for the chance to win a @Walmart exclusive T-51 Power Armor Pop! #Fallout https://t.co/WSOgqB…",FALSE,0,NA,2018-11-15 10:02:38,FALSE,NA,"1063009370764689408",NA,"<a href=""http://twitter.com"" rel=""nofollow"">Twitter Web Client</a>","phowell1313",3989,TRUE,FALSE,NA,NA
"91","RT @OriginalFunko: RT &amp; follow @OriginalFunko for the chance to win a @Walmart exclusive T-51 Power Armor Pop! #Fallout https://t.co/WSOgqB…",FALSE,0,NA,2018-11-15 10:02:28,FALSE,NA,"1063009331212414977",NA,"<a href=""http://twitter.com/download/iphone"" rel=""nofollow"">Twitter for iPhone</a>","TheIshiNara",3989,TRUE,FALSE,NA,NA
"92","@billysastard1 @Nintendork9 @asda @Walmart Hopefully",FALSE,1,"billysastard1",2018-11-15 10:02:21,FALSE,"1063008229398056960","1063009298064781317","995350171","<a href=""http://twitter.com/download/iphone"" rel=""nofollow"">Twitter for iPhone</a>","theflanjohn",1,FALSE,FALSE,NA,NA
"93","RT @OriginalFunko: RT &amp; follow @OriginalFunko for the chance to win a @Walmart exclusive T-51 Power Armor Pop! #Fallout https://t.co/WSOgqB…",FALSE,0,NA,2018-11-15 10:02:06,FALSE,NA,"1063009238342090753",NA,"<a href=""http://twitter.com"" rel=""nofollow"">Twitter Web Client</a>","sandradavis07",3989,TRUE,FALSE,NA,NA
"94","RT @OriginalFunko: RT &amp; follow @OriginalFunko for the chance to win a @Walmart exclusive T-51 Power Armor Pop! #Fallout https://t.co/WSOgqB…",FALSE,0,NA,2018-11-15 10:01:55,FALSE,NA,"1063009189570723840",NA,"<a href=""http://twitter.com/download/android"" rel=""nofollow"">Twitter for Android</a>","paulpicardiv",3989,TRUE,FALSE,NA,NA
"95","RT @OriginalFunko: RT &amp; follow @OriginalFunko for the chance to win a @Walmart exclusive T-51 Power Armor Pop! #Fallout https://t.co/WSOgqB…",FALSE,0,NA,2018-11-15 10:01:33,FALSE,NA,"1063009099493761024",NA,"<a href=""http://twitter.com/download/iphone"" rel=""nofollow"">Twitter for iPhone</a>","Kevin5001",3989,TRUE,FALSE,NA,NA
"96","RT @OriginalFunko: RT &amp; follow @OriginalFunko for the chance to win a @Walmart exclusive T-51 Power Armor Pop! #Fallout https://t.co/WSOgqB…",FALSE,0,NA,2018-11-15 10:01:24,FALSE,NA,"1063009060977627136",NA,"<a href=""http://twitter.com/download/android"" rel=""nofollow"">Twitter for Android</a>","Froggard",3989,TRUE,FALSE,NA,NA
"97","RT @OriginalFunko: RT &amp; follow @OriginalFunko for the chance to win a @Walmart exclusive T-51 Power Armor Pop! #Fallout https://t.co/WSOgqB…",FALSE,0,NA,2018-11-15 10:01:17,FALSE,NA,"1063009031642595330",NA,"<a href=""http://twitter.com/download/iphone"" rel=""nofollow"">Twitter for iPhone</a>","starfelux",3989,TRUE,FALSE,NA,NA
"98","RT @OriginalFunko: RT &amp; follow @OriginalFunko for the chance to win a @Walmart exclusive T-51 Power Armor Pop! #Fallout https://t.co/WSOgqB…",FALSE,0,NA,2018-11-15 10:01:15,FALSE,NA,"1063009021421064192",NA,"<a href=""http://twitter.com/download/android"" rel=""nofollow"">Twitter for Android</a>","Echo_mancer",3989,TRUE,FALSE,NA,NA
"99","RT @OriginalFunko: RT &amp; follow @OriginalFunko for the chance to win a @Walmart exclusive T-51 Power Armor Pop! #Fallout https://t.co/WSOgqB…",FALSE,0,NA,2018-11-15 10:00:54,FALSE,NA,"1063008935119077376",NA,"<a href=""http://twitter.com/download/iphone"" rel=""nofollow"">Twitter for iPhone</a>","rng223",3989,TRUE,FALSE,NA,NA
"100","RT @OriginalFunko: RT &amp; follow @OriginalFunko for the chance to win a @Walmart exclusive T-51 Power Armor Pop! #Fallout https://t.co/WSOgqB…",FALSE,0,NA,2018-11-15 10:00:48,FALSE,NA,"1063008908820865025",NA,"<a href=""http://twitter.com/download/iphone"" rel=""nofollow"">Twitter for iPhone</a>","portojorge1313",3989,TRUE,FALSE,NA,NA
"101","RT @OriginalFunko: RT &amp; follow @OriginalFunko for the chance to win a @Walmart exclusive T-51 Power Armor Pop! #Fallout https://t.co/WSOgqB…",FALSE,0,NA,2018-11-15 10:00:40,FALSE,NA,"1063008876465807362",NA,"<a href=""http://www.mywebsite.com"" rel=""nofollow"">MyPersonalTweets0125</a>","dmahoney0125",3989,TRUE,FALSE,NA,NA
"102","RT @OriginalFunko: RT &amp; follow @OriginalFunko for the chance to win a @Walmart exclusive T-51 Power Armor Pop! #Fallout https://t.co/WSOgqB…",FALSE,0,NA,2018-11-15 10:00:36,FALSE,NA,"1063008860330438656",NA,"<a href=""http://twitter.com/download/android"" rel=""nofollow"">Twitter for Android</a>","NickoXan",3989,TRUE,FALSE,NA,NA
"103","RT @OriginalFunko: RT &amp; follow @OriginalFunko for the chance to win a @Walmart exclusive T-51 Power Armor Pop! #Fallout https://t.co/WSOgqB…",FALSE,0,NA,2018-11-15 10:00:29,FALSE,NA,"1063008830416666625",NA,"<a href=""http://twitter.com/download/iphone"" rel=""nofollow"">Twitter for iPhone</a>","Unfixingvirus",3989,TRUE,FALSE,NA,NA
"104","RT @DesignationSix: Here are some @FoxNews sponsors. They are tagged so they will be notified for each LIKE RETWEET or COMMENT.
@KraftHeinz…",FALSE,0,NA,2018-11-15 10:00:22,FALSE,NA,"1063008799517216768",NA,"<a href=""https://mobile.twitter.com"" rel=""nofollow"">Twitter Lite</a>","luvmyhollywood",215,TRUE,FALSE,NA,NA
"105",".@Walmart is said to have been irked because it was not informed about the issue when it conducted a due diligence… https://t.co/b250dlh9MW",FALSE,0,NA,2018-11-15 10:00:01,TRUE,NA,"1063008710824349702",NA,"<a href=""https://about.twitter.com/products/tweetdeck"" rel=""nofollow"">TweetDeck</a>","ET_RISE",0,FALSE,FALSE,NA,NA
"106","RT @OriginalFunko: RT &amp; follow @OriginalFunko for the chance to win a @Walmart exclusive T-51 Power Armor Pop! #Fallout https://t.co/WSOgqB…",FALSE,0,NA,2018-11-15 09:59:57,FALSE,NA,"1063008694420602886",NA,"<a href=""http://twitter.com/download/android"" rel=""nofollow"">Twitter for Android</a>","NicoKiefer_",3989,TRUE,FALSE,NA,NA
"107","RT @OriginalFunko: RT &amp; follow @OriginalFunko for the chance to win a @Walmart exclusive T-51 Power Armor Pop! #Fallout https://t.co/WSOgqB…",FALSE,0,NA,2018-11-15 09:59:50,FALSE,NA,"1063008664938782721",NA,"<a href=""http://twitter.com/download/iphone"" rel=""nofollow"">Twitter for iPhone</a>","allman1077",3989,TRUE,FALSE,NA,NA
"108","RT @OriginalFunko: RT &amp; follow @OriginalFunko for the chance to win a @Walmart exclusive T-51 Power Armor Pop! #Fallout https://t.co/WSOgqB…",FALSE,0,NA,2018-11-15 09:59:42,FALSE,NA,"1063008630977503232",NA,"<a href=""http://twitter.com/download/android"" rel=""nofollow"">Twitter for Android</a>","BX_Champ",3989,TRUE,FALSE,NA,NA
"109","RT @OriginalFunko: RT &amp; follow @OriginalFunko for the chance to win a @Walmart exclusive T-51 Power Armor Pop! #Fallout https://t.co/WSOgqB…",FALSE,0,NA,2018-11-15 09:59:37,FALSE,NA,"1063008613013340160",NA,"<a href=""http://twitter.com/download/iphone"" rel=""nofollow"">Twitter for iPhone</a>","Brayo0u",3989,TRUE,FALSE,NA,NA
"110","RT @OriginalFunko: RT &amp; follow @OriginalFunko for the chance to win a @Walmart exclusive T-51 Power Armor Pop! #Fallout https://t.co/WSOgqB…",FALSE,0,NA,2018-11-15 09:59:20,FALSE,NA,"1063008542041538560",NA,"<a href=""http://twitter.com/download/android"" rel=""nofollow"">Twitter for Android</a>","HyukELF93",3989,TRUE,FALSE,NA,NA
"111","RT @OriginalFunko: RT &amp; follow @OriginalFunko for the chance to win a @Walmart exclusive T-51 Power Armor Pop! #Fallout https://t.co/WSOgqB…",FALSE,0,NA,2018-11-15 09:59:09,FALSE,NA,"1063008494331277312",NA,"<a href=""http://www.facciadigranminchiaesucalapuni.co.uk"" rel=""nofollow"">aspacchiuverusapcchiu</a>","mammanna56",3989,TRUE,FALSE,NA,NA
"112","RT @DesignationSix: Here are some @FoxNews sponsors. They are tagged so they will be notified for each LIKE RETWEET or COMMENT.
@KraftHeinz…",FALSE,0,NA,2018-11-15 09:58:53,FALSE,NA,"1063008428568670208",NA,"<a href=""http://twitter.com/download/iphone"" rel=""nofollow"">Twitter for iPhone</a>","jadziarain",215,TRUE,FALSE,NA,NA
"113","RT @OriginalFunko: RT &amp; follow @OriginalFunko for the chance to win a @Walmart exclusive T-51 Power Armor Pop! #Fallout https://t.co/WSOgqB…",FALSE,0,NA,2018-11-15 09:58:51,FALSE,NA,"1063008417860739072",NA,"<a href=""http://twitter.com/download/android"" rel=""nofollow"">Twitter for Android</a>","Mathijs54981066",3989,TRUE,FALSE,NA,NA
"114","RT @OriginalFunko: RT &amp; follow @OriginalFunko for the chance to win a @Walmart exclusive T-51 Power Armor Pop! #Fallout https://t.co/WSOgqB…",FALSE,0,NA,2018-11-15 09:58:49,FALSE,NA,"1063008411057602560",NA,"<a href=""http://twitter.com/download/android"" rel=""nofollow"">Twitter for Android</a>","ZanattaFacu",3989,TRUE,FALSE,NA,NA
"115","RT @OriginalFunko: RT &amp; follow @OriginalFunko for the chance to win a @Walmart exclusive T-51 Power Armor Pop! #Fallout https://t.co/WSOgqB…",FALSE,0,NA,2018-11-15 09:58:38,FALSE,NA,"1063008365780045825",NA,"<a href=""http://twitter.com/download/iphone"" rel=""nofollow"">Twitter for iPhone</a>","NuMeRoBis106",3989,TRUE,FALSE,NA,NA
"116","RT @OriginalFunko: RT &amp; follow @OriginalFunko for the chance to win a @Walmart exclusive T-51 Power Armor Pop! #Fallout https://t.co/WSOgqB…",FALSE,0,NA,2018-11-15 09:58:29,FALSE,NA,"1063008327683186688",NA,"<a href=""http://twitter.com/download/android"" rel=""nofollow"">Twitter for Android</a>","fieldgraded",3989,TRUE,FALSE,NA,NA
"117","RT @OriginalFunko: RT &amp; follow @OriginalFunko for the chance to win a @Walmart exclusive T-51 Power Armor Pop! #Fallout https://t.co/WSOgqB…",FALSE,0,NA,2018-11-15 09:58:19,FALSE,NA,"1063008285622702080",NA,"<a href=""http://twitter.com/download/android"" rel=""nofollow"">Twitter for Android</a>","psychotika33",3989,TRUE,FALSE,NA,NA
"118","@theflanjohn @Nintendork9 @asda @Walmart me too if it comes to the uk",FALSE,1,"theflanjohn",2018-11-15 09:58:06,FALSE,"1063008083499089920","1063008229398056960","233141573","<a href=""http://twitter.com"" rel=""nofollow"">Twitter Web Client</a>","billysastard1",0,FALSE,FALSE,NA,NA
"119","RT @OriginalFunko: RT &amp; follow @OriginalFunko for the chance to win a @Walmart exclusive T-51 Power Armor Pop! #Fallout https://t.co/WSOgqB…",FALSE,0,NA,2018-11-15 09:57:52,FALSE,NA,"1063008171554410498",NA,"<a href=""http://twitter.com/download/android"" rel=""nofollow"">Twitter for Android</a>","CleverTrevar",3989,TRUE,FALSE,NA,NA
"120","RT @theflanjohn: @billysastard1 @Nintendork9 @asda @Walmart Prolly get me a box",FALSE,0,NA,2018-11-15 09:57:47,FALSE,NA,"1063008150759108610",NA,"<a href=""http://twitter.com"" rel=""nofollow"">Twitter Web Client</a>","billysastard1",1,TRUE,FALSE,NA,NA
"121","RT @OriginalFunko: RT &amp; follow @OriginalFunko for the chance to win a @Walmart exclusive T-51 Power Armor Pop! #Fallout https://t.co/WSOgqB…",FALSE,0,NA,2018-11-15 09:57:39,FALSE,NA,"1063008118009806848",NA,"<a href=""http://twitter.com/#!/download/ipad"" rel=""nofollow"">Twitter for iPad</a>","CrimsoNoise",3989,TRUE,FALSE,NA,NA
"122","RT @OriginalFunko: RT &amp; follow @OriginalFunko for the chance to win a @Walmart exclusive T-51 Power Armor Pop! #Fallout https://t.co/WSOgqB…",FALSE,0,NA,2018-11-15 09:57:34,FALSE,NA,"1063008097579552768",NA,"<a href=""http://twitter.com/download/android"" rel=""nofollow"">Twitter for Android</a>","ThatGuyJace",3989,TRUE,FALSE,NA,NA
"123","RT @OriginalFunko: RT &amp; follow @OriginalFunko for the chance to win a @Walmart exclusive T-51 Power Armor Pop! #Fallout https://t.co/WSOgqB…",FALSE,0,NA,2018-11-15 09:57:34,FALSE,NA,"1063008097516617733",NA,"<a href=""http://twitter.com/download/android"" rel=""nofollow"">Twitter for Android</a>","Paul_W86",3989,TRUE,FALSE,NA,NA
"124","RT @Married2Martyr: @JogeshChawla72 Imagine this was only a consensual affair &amp; yet @Walmart played dirty with Binny Bansal to tarnish his…",FALSE,0,NA,2018-11-15 09:57:31,FALSE,NA,"1063008085164183553",NA,"<a href=""http://twitter.com/download/android"" rel=""nofollow"">Twitter for Android</a>","CanWcd",6,TRUE,FALSE,NA,NA
"125","@billysastard1 @Nintendork9 @asda @Walmart Prolly get me a box",FALSE,1,"billysastard1",2018-11-15 09:57:31,FALSE,"1063007940892864512","1063008083499089920","995350171","<a href=""http://twitter.com/download/iphone"" rel=""nofollow"">Twitter for iPhone</a>","theflanjohn",1,FALSE,FALSE,NA,NA
"126","RT @DesignationSix: Here are some @FoxNews advertisers. They are tagged so they will be notified for each LIKE RETWEET or COMMENT. DO NOT B…",FALSE,0,NA,2018-11-15 09:57:26,FALSE,NA,"1063008061588156416",NA,"<a href=""http://twitter.com/download/iphone"" rel=""nofollow"">Twitter for iPhone</a>","SUC04932306",1779,TRUE,FALSE,NA,NA
"127","RT @OriginalFunko: RT &amp; follow @OriginalFunko for the chance to win a @Walmart exclusive T-51 Power Armor Pop! #Fallout https://t.co/WSOgqB…",FALSE,0,NA,2018-11-15 09:57:23,FALSE,NA,"1063008051995774982",NA,"<a href=""https://about.twitter.com/products/tweetdeck"" rel=""nofollow"">TweetDeck</a>","Kaabahl",3989,TRUE,FALSE,NA,NA
"128","RT @jennyespino_RS: ""I saw unimaginable … things I’ve never really seen in my life.” A @Walmart parking lot has become a refuge for people…",FALSE,0,NA,2018-11-15 09:57:02,FALSE,NA,"1063007962229161984",NA,"<a href=""http://twitter.com/download/android"" rel=""nofollow"">Twitter for Android</a>","laura_jazo",57,TRUE,FALSE,NA,NA
"129","@Nintendork9 @theflanjohn i'm hoping that @asda in the uk will be stocking it too as they are part of @Walmart",FALSE,1,"Nintendork9",2018-11-15 09:56:57,FALSE,"1062992255466770433","1063007940892864512","827225984516685825","<a href=""http://twitter.com"" rel=""nofollow"">Twitter Web Client</a>","billysastard1",0,FALSE,FALSE,NA,NA
"130","RT @OriginalFunko: RT &amp; follow @OriginalFunko for the chance to win a @Walmart exclusive T-51 Power Armor Pop! #Fallout https://t.co/WSOgqB…",FALSE,0,NA,2018-11-15 09:56:18,FALSE,NA,"1063007779047108608",NA,"<a href=""http://twitter.com/download/iphone"" rel=""nofollow"">Twitter for iPhone</a>","cortez_jeremy",3989,TRUE,FALSE,NA,NA
"131","RT @OriginalFunko: RT &amp; follow @OriginalFunko for the chance to win a @Walmart exclusive T-51 Power Armor Pop! #Fallout https://t.co/WSOgqB…",FALSE,0,NA,2018-11-15 09:56:16,FALSE,NA,"1063007769635233792",NA,"<a href=""http://twitter.com/download/iphone"" rel=""nofollow"">Twitter for iPhone</a>","AX_KevinT",3989,TRUE,FALSE,NA,NA
"132","RT @OriginalFunko: RT &amp; follow @OriginalFunko for the chance to win a @Walmart exclusive T-51 Power Armor Pop! #Fallout https://t.co/WSOgqB…",FALSE,0,NA,2018-11-15 09:56:14,FALSE,NA,"1063007760525287424",NA,"<a href=""http://twitter.com/download/android"" rel=""nofollow"">Twitter for Android</a>","Victoriousdru",3989,TRUE,FALSE,NA,NA
"133","RT @OriginalFunko: RT &amp; follow @OriginalFunko for the chance to win a @Walmart exclusive T-51 Power Armor Pop! #Fallout https://t.co/WSOgqB…",FALSE,0,NA,2018-11-15 09:56:06,FALSE,NA,"1063007725888700421",NA,"<a href=""http://twitter.com/download/iphone"" rel=""nofollow"">Twitter for iPhone</a>","cbarker3007",3989,TRUE,FALSE,NA,NA
"134","RT @OriginalFunko: RT &amp; follow @OriginalFunko for the chance to win a @Walmart exclusive T-51 Power Armor Pop! #Fallout https://t.co/WSOgqB…",FALSE,0,NA,2018-11-15 09:56:05,FALSE,NA,"1063007723896356864",NA,"<a href=""http://twitter.com"" rel=""nofollow"">Twitter Web Client</a>","nuriamg68",3989,TRUE,FALSE,NA,NA
"135","RT @BHGLiveBetter: Don't forget to enter our #WalmartWednesday #giveaway by 11pm ET tonight for your chance to #win a @Walmart gift card.",FALSE,0,NA,2018-11-15 09:55:47,FALSE,NA,"1063007648570851328",NA,"<a href=""http://twitter.com/download/android"" rel=""nofollow"">Twitter for Android</a>","CL2n2",57,TRUE,FALSE,NA,NA
"136","RT @OriginalFunko: RT &amp; follow @OriginalFunko for the chance to win a @Walmart exclusive T-51 Power Armor Pop! #Fallout https://t.co/WSOgqB…",FALSE,0,NA,2018-11-15 09:55:24,FALSE,NA,"1063007550134738944",NA,"<a href=""http://twitter.com/download/iphone"" rel=""nofollow"">Twitter for iPhone</a>","Jor_gamer",3989,TRUE,FALSE,NA,NA
"137","RT @OriginalFunko: RT &amp; follow @OriginalFunko for the chance to win a @Walmart exclusive T-51 Power Armor Pop! #Fallout https://t.co/WSOgqB…",FALSE,0,NA,2018-11-15 09:54:57,FALSE,NA,"1063007436821413890",NA,"<a href=""http://twitter.com/download/iphone"" rel=""nofollow"">Twitter for iPhone</a>","HUSSARDO",3989,TRUE,FALSE,NA,NA
"138","RT @OriginalFunko: RT &amp; follow @OriginalFunko for the chance to win a @Walmart exclusive T-51 Power Armor Pop! #Fallout https://t.co/WSOgqB…",FALSE,0,NA,2018-11-15 09:54:54,FALSE,NA,"1063007424737693696",NA,"<a href=""http://twitter.com/download/iphone"" rel=""nofollow"">Twitter for iPhone</a>","Takafett",3989,TRUE,FALSE,NA,NA
"139","RT @OriginalFunko: RT &amp; follow @OriginalFunko for the chance to win a @Walmart exclusive T-51 Power Armor Pop! #Fallout https://t.co/WSOgqB…",FALSE,0,NA,2018-11-15 09:54:49,FALSE,NA,"1063007403103391744",NA,"<a href=""http://twitter.com/download/iphone"" rel=""nofollow"">Twitter for iPhone</a>","jaymac1004",3989,TRUE,FALSE,NA,NA
"140","RT @DesignationSix: Here are some @FoxNews sponsors. They are tagged so they will be notified for each LIKE RETWEET or COMMENT.
@KraftHeinz…",FALSE,0,NA,2018-11-15 09:54:46,FALSE,NA,"1063007393208918016",NA,"<a href=""http://twitter.com/download/android"" rel=""nofollow"">Twitter for Android</a>","SlythSeeker",215,TRUE,FALSE,NA,NA
"141","RT @OriginalFunko: RT &amp; follow @OriginalFunko for the chance to win a @Walmart exclusive T-51 Power Armor Pop! #Fallout https://t.co/WSOgqB…",FALSE,0,NA,2018-11-15 09:54:29,FALSE,NA,"1063007318625923072",NA,"<a href=""http://twitter.com/download/android"" rel=""nofollow"">Twitter for Android</a>","sparrowmomo",3989,TRUE,FALSE,NA,NA
"142","RT @OriginalFunko: RT &amp; follow @OriginalFunko for the chance to win a @Walmart exclusive T-51 Power Armor Pop! #Fallout https://t.co/WSOgqB…",FALSE,0,NA,2018-11-15 09:54:24,FALSE,NA,"1063007298845589504",NA,"<a href=""http://twitter.com/download/android"" rel=""nofollow"">Twitter for Android</a>","_Dami1_",3989,TRUE,FALSE,NA,NA
"143","RT @OriginalFunko: RT &amp; follow @OriginalFunko for the chance to win a @Walmart exclusive T-51 Power Armor Pop! #Fallout https://t.co/WSOgqB…",FALSE,0,NA,2018-11-15 09:54:21,FALSE,NA,"1063007284819705857",NA,"<a href=""http://twitter.com/download/iphone"" rel=""nofollow"">Twitter for iPhone</a>","Jaaaaaaannnnnn",3989,TRUE,FALSE,NA,NA
"144","RT @OriginalFunko: RT &amp; follow @OriginalFunko for the chance to win a @Walmart exclusive T-51 Power Armor Pop! #Fallout https://t.co/WSOgqB…",FALSE,0,NA,2018-11-15 09:54:11,FALSE,NA,"1063007243120062464",NA,"<a href=""http://twitter.com/download/android"" rel=""nofollow"">Twitter for Android</a>","Titi24px",3989,TRUE,FALSE,NA,NA
"145","RT @OriginalFunko: RT &amp; follow @OriginalFunko for the chance to win a @Walmart exclusive T-51 Power Armor Pop! #Fallout https://t.co/WSOgqB…",FALSE,0,NA,2018-11-15 09:54:06,FALSE,NA,"1063007224426041345",NA,"<a href=""http://twitter.com/download/android"" rel=""nofollow"">Twitter for Android</a>","Idan_Harush",3989,TRUE,FALSE,NA,NA
"146","RT @OriginalFunko: RT &amp; follow @OriginalFunko for the chance to win a @Walmart exclusive T-51 Power Armor Pop! #Fallout https://t.co/WSOgqB…",FALSE,0,NA,2018-11-15 09:53:52,FALSE,NA,"1063007166465040385",NA,"<a href=""http://twitter.com/download/iphone"" rel=""nofollow"">Twitter for iPhone</a>","hi_im_catgrace",3989,TRUE,FALSE,NA,NA
"147","RT @OriginalFunko: RT &amp; follow @OriginalFunko for the chance to win a @Walmart exclusive T-51 Power Armor Pop! #Fallout https://t.co/WSOgqB…",FALSE,0,NA,2018-11-15 09:53:49,FALSE,NA,"1063007151092838400",NA,"<a href=""http://twitter.com/download/android"" rel=""nofollow"">Twitter for Android</a>","jpurkey121072",3989,TRUE,FALSE,NA,NA
"148","@BrickSeek @NYC @StatenIsland  @Walmart Can we pls get a Walmart out here for us? It's depressing driving to anothe… https://t.co/sexszN1g7T",FALSE,0,"BrickSeek",2018-11-15 09:53:42,TRUE,NA,"1063007124731674624","2835425876","<a href=""http://twitter.com/download/android"" rel=""nofollow"">Twitter for Android</a>","nicoles_lounge",0,FALSE,FALSE,NA,NA
"149","RT @OriginalFunko: RT &amp; follow @OriginalFunko for the chance to win a @Walmart exclusive T-51 Power Armor Pop! #Fallout https://t.co/WSOgqB…",FALSE,0,NA,2018-11-15 09:53:35,FALSE,NA,"1063007093534339073",NA,"<a href=""http://twitter.com/download/android"" rel=""nofollow"">Twitter for Android</a>","thedeadinme",3989,TRUE,FALSE,NA,NA
"150","RT @OriginalFunko: RT &amp; follow @OriginalFunko for the chance to win a @Walmart exclusive T-51 Power Armor Pop! #Fallout https://t.co/WSOgqB…",FALSE,0,NA,2018-11-15 09:53:18,FALSE,NA,"1063007021618941953",NA,"<a href=""http://twitter.com/download/android"" rel=""nofollow"">Twitter for Android</a>","Martygtl",3989,TRUE,FALSE,NA,NA
"151","RT @OriginalFunko: RT &amp; follow @OriginalFunko for the chance to win a @Walmart exclusive T-51 Power Armor Pop! #Fallout https://t.co/WSOgqB…",FALSE,0,NA,2018-11-15 09:53:11,FALSE,NA,"1063006991528935424",NA,"<a href=""http://twitter.com/download/android"" rel=""nofollow"">Twitter for Android</a>","dolfan2388",3989,TRUE,FALSE,NA,NA
"152","RT @OriginalFunko: RT &amp; follow @OriginalFunko for the chance to win a @Walmart exclusive T-51 Power Armor Pop! #Fallout https://t.co/WSOgqB…",FALSE,0,NA,2018-11-15 09:52:33,FALSE,NA,"1063006834125094912",NA,"<a href=""http://twitter.com/download/android"" rel=""nofollow"">Twitter for Android</a>","AchilleGiff",3989,TRUE,FALSE,NA,NA
"153","RT @OriginalFunko: RT &amp; follow @OriginalFunko for the chance to win a @Walmart exclusive T-51 Power Armor Pop! #Fallout https://t.co/WSOgqB…",FALSE,0,NA,2018-11-15 09:52:33,FALSE,NA,"1063006832036323328",NA,"<a href=""http://twitter.com/download/android"" rel=""nofollow"">Twitter for Android</a>","SithDaddy51",3989,TRUE,FALSE,NA,NA
"154","RT @OriginalFunko: RT &amp; follow @OriginalFunko for the chance to win a @Walmart exclusive T-51 Power Armor Pop! #Fallout https://t.co/WSOgqB…",FALSE,0,NA,2018-11-15 09:52:29,FALSE,NA,"1063006818614439936",NA,"<a href=""http://twitter.com/download/android"" rel=""nofollow"">Twitter for Android</a>","BCulhhrmE4GugMV",3989,TRUE,FALSE,NA,NA
"155","RT @OriginalFunko: RT &amp; follow @OriginalFunko for the chance to win a @Walmart exclusive T-51 Power Armor Pop! #Fallout https://t.co/WSOgqB…",FALSE,0,NA,2018-11-15 09:52:22,FALSE,NA,"1063006789086703616",NA,"<a href=""http://twitter.com/download/iphone"" rel=""nofollow"">Twitter for iPhone</a>","One_Rob",3989,TRUE,FALSE,NA,NA
"156","RT @OriginalFunko: RT &amp; follow @OriginalFunko for the chance to win a @Walmart exclusive T-51 Power Armor Pop! #Fallout https://t.co/WSOgqB…",FALSE,0,NA,2018-11-15 09:52:19,FALSE,NA,"1063006776604250112",NA,"<a href=""http://twitter.com/download/android"" rel=""nofollow"">Twitter for Android</a>","restrictedfox",3989,TRUE,FALSE,NA,NA
"157","RT @OriginalFunko: RT &amp; follow @OriginalFunko for the chance to win a @Walmart exclusive T-51 Power Armor Pop! #Fallout https://t.co/WSOgqB…",FALSE,0,NA,2018-11-15 09:51:34,FALSE,NA,"1063006586241724418",NA,"<a href=""http://twitter.com/download/android"" rel=""nofollow"">Twitter for Android</a>","MadAnimat0r",3989,TRUE,FALSE,NA,NA
"158","RT @OriginalFunko: RT &amp; follow @OriginalFunko for the chance to win a @Walmart exclusive T-51 Power Armor Pop! #Fallout https://t.co/WSOgqB…",FALSE,0,NA,2018-11-15 09:50:45,FALSE,NA,"1063006382050476033",NA,"<a href=""http://twitter.com/download/android"" rel=""nofollow"">Twitter for Android</a>","Matti279",3989,TRUE,FALSE,NA,NA
"159","RT @OriginalFunko: RT &amp; follow @OriginalFunko for the chance to win a @Walmart exclusive T-51 Power Armor Pop! #Fallout https://t.co/WSOgqB…",FALSE,0,NA,2018-11-15 09:50:38,FALSE,NA,"1063006351180349441",NA,"<a href=""https://about.twitter.com/products/tweetdeck"" rel=""nofollow"">TweetDeck</a>","TheJaseYANG",3989,TRUE,FALSE,NA,NA
"160","RT @OriginalFunko: RT &amp; follow @OriginalFunko for the chance to win a @Walmart exclusive T-51 Power Armor Pop! #Fallout https://t.co/WSOgqB…",FALSE,0,NA,2018-11-15 09:50:07,FALSE,NA,"1063006222943768576",NA,"<a href=""http://twitter.com/download/iphone"" rel=""nofollow"">Twitter for iPhone</a>","OoFunko",3989,TRUE,FALSE,NA,NA
"161","RT @OriginalFunko: RT &amp; follow @OriginalFunko for the chance to win a @Walmart exclusive T-51 Power Armor Pop! #Fallout https://t.co/WSOgqB…",FALSE,0,NA,2018-11-15 09:49:59,FALSE,NA,"1063006189116637184",NA,"<a href=""http://twitter.com/download/android"" rel=""nofollow"">Twitter for Android</a>","Mritsunique",3989,TRUE,FALSE,NA,NA
"162","RT @OriginalFunko: RT &amp; follow @OriginalFunko for the chance to win a @Walmart exclusive T-51 Power Armor Pop! #Fallout https://t.co/WSOgqB…",FALSE,0,NA,2018-11-15 09:49:09,FALSE,NA,"1063005976155090947",NA,"<a href=""http://twitter.com/download/iphone"" rel=""nofollow"">Twitter for iPhone</a>","jjc2390",3989,TRUE,FALSE,NA,NA
"163","RT @OriginalFunko: RT &amp; follow @OriginalFunko for the chance to win a @Walmart exclusive T-51 Power Armor Pop! #Fallout https://t.co/WSOgqB…",FALSE,0,NA,2018-11-15 09:49:00,FALSE,NA,"1063005940239269893",NA,"<a href=""http://twitter.com/download/iphone"" rel=""nofollow"">Twitter for iPhone</a>","warbourton1",3989,TRUE,FALSE,NA,NA
"164","RT @DesignationSix: Here are some @FoxNews sponsors. They are tagged so they will be notified for each LIKE RETWEET or COMMENT.
@KraftHeinz…",FALSE,0,NA,2018-11-15 09:48:51,FALSE,NA,"1063005903119503363",NA,"<a href=""http://twitter.com/download/android"" rel=""nofollow"">Twitter for Android</a>","jimbo1964_p",215,TRUE,FALSE,NA,NA
"165","RT @OriginalFunko: RT &amp; follow @OriginalFunko for the chance to win a @Walmart exclusive T-51 Power Armor Pop! #Fallout https://t.co/WSOgqB…",FALSE,0,NA,2018-11-15 09:48:40,FALSE,NA,"1063005855577186304",NA,"<a href=""http://twitter.com"" rel=""nofollow"">Twitter Web Client</a>","FFXIV_Apeiron",3989,TRUE,FALSE,NA,NA
"166","RT @OriginalFunko: RT &amp; follow @OriginalFunko for the chance to win a @Walmart exclusive T-51 Power Armor Pop! #Fallout https://t.co/WSOgqB…",FALSE,0,NA,2018-11-15 09:48:37,FALSE,NA,"1063005843719806976",NA,"<a href=""http://twitter.com/download/android"" rel=""nofollow"">Twitter for Android</a>","CSWeiner",3989,TRUE,FALSE,NA,NA
"167","RT @OriginalFunko: RT &amp; follow @OriginalFunko for the chance to win a @Walmart exclusive T-51 Power Armor Pop! #Fallout https://t.co/WSOgqB…",FALSE,0,NA,2018-11-15 09:48:28,FALSE,NA,"1063005806151561216",NA,"<a href=""http://twitter.com/download/iphone"" rel=""nofollow"">Twitter for iPhone</a>","Ryndarwen",3989,TRUE,FALSE,NA,NA
"168","RT @OriginalFunko: RT &amp; follow @OriginalFunko for the chance to win a @Walmart exclusive T-51 Power Armor Pop! #Fallout https://t.co/WSOgqB…",FALSE,0,NA,2018-11-15 09:47:17,FALSE,NA,"1063005506145529857",NA,"<a href=""https://mobile.twitter.com"" rel=""nofollow"">Twitter Lite</a>","kvath072",3989,TRUE,FALSE,NA,NA
"169","RT @OriginalFunko: RT &amp; follow @OriginalFunko for the chance to win a @Walmart exclusive T-51 Power Armor Pop! #Fallout https://t.co/WSOgqB…",FALSE,0,NA,2018-11-15 09:47:00,FALSE,NA,"1063005438491418626",NA,"<a href=""http://twitter.com/download/android"" rel=""nofollow"">Twitter for Android</a>","cesar__pineiro",3989,TRUE,FALSE,NA,NA
"170","RT @OriginalFunko: RT &amp; follow @OriginalFunko for the chance to win a @Walmart exclusive T-51 Power Armor Pop! #Fallout https://t.co/WSOgqB…",FALSE,0,NA,2018-11-15 09:46:55,FALSE,NA,"1063005416001585152",NA,"<a href=""http://twitter.com/download/iphone"" rel=""nofollow"">Twitter for iPhone</a>","bogaiwon",3989,TRUE,FALSE,NA,NA
"171","RT @OriginalFunko: RT &amp; follow @OriginalFunko for the chance to win a @Walmart exclusive T-51 Power Armor Pop! #Fallout https://t.co/WSOgqB…",FALSE,0,NA,2018-11-15 09:46:45,FALSE,NA,"1063005374679339008",NA,"<a href=""http://twitter.com/download/android"" rel=""nofollow"">Twitter for Android</a>","xXLadyGothicaXx",3989,TRUE,FALSE,NA,NA
"172","RT @OriginalFunko: RT &amp; follow @OriginalFunko for the chance to win a @Walmart exclusive T-51 Power Armor Pop! #Fallout https://t.co/WSOgqB…",FALSE,0,NA,2018-11-15 09:46:30,FALSE,NA,"1063005309025898497",NA,"<a href=""http://twitter.com/download/android"" rel=""nofollow"">Twitter for Android</a>","jackdoy31961818",3989,TRUE,FALSE,NA,NA
"173","@OriginalFunko @Walmart Nooooo there’s no Walmart in the UK. https://t.co/LygZr9ww0P",FALSE,0,"OriginalFunko",2018-11-15 09:46:25,FALSE,"1062933718329970688","1063005291451686912","1378000488","<a href=""http://twitter.com/download/iphone"" rel=""nofollow"">Twitter for iPhone</a>","HighStealthboy",0,FALSE,FALSE,NA,NA
"174","RT @OriginalFunko: RT &amp; follow @OriginalFunko for the chance to win a @Walmart exclusive T-51 Power Armor Pop! #Fallout https://t.co/WSOgqB…",FALSE,0,NA,2018-11-15 09:46:16,FALSE,NA,"1063005251853262848",NA,"<a href=""http://twitter.com/download/iphone"" rel=""nofollow"">Twitter for iPhone</a>","Jhubbar80383014",3989,TRUE,FALSE,NA,NA
"175","So @Walmart I think it’s ridiculous that you have 25 registers and not a single one is open after 9pm. It’s all sel… https://t.co/rhq9V3CAzF",FALSE,0,NA,2018-11-15 09:46:12,TRUE,NA,"1063005233935089665",NA,"<a href=""http://twitter.com/download/iphone"" rel=""nofollow"">Twitter for iPhone</a>","boxey13",0,FALSE,FALSE,NA,NA
"176","RT @OriginalFunko: RT &amp; follow @OriginalFunko for the chance to win a @Walmart exclusive T-51 Power Armor Pop! #Fallout https://t.co/WSOgqB…",FALSE,0,NA,2018-11-15 09:46:06,FALSE,NA,"1063005212099702784",NA,"<a href=""http://twitter.com"" rel=""nofollow"">Twitter Web Client</a>","TEOHABBOCOM",3989,TRUE,FALSE,NA,NA
"177","RT @OriginalFunko: RT &amp; follow @OriginalFunko for the chance to win a @Walmart exclusive T-51 Power Armor Pop! #Fallout https://t.co/WSOgqB…",FALSE,0,NA,2018-11-15 09:45:55,FALSE,NA,"1063005164905398273",NA,"<a href=""http://twitter.com/download/android"" rel=""nofollow"">Twitter for Android</a>","Todd80851755",3989,TRUE,FALSE,NA,NA
"178","RT @OriginalFunko: RT &amp; follow @OriginalFunko for the chance to win a @Walmart exclusive T-51 Power Armor Pop! #Fallout https://t.co/WSOgqB…",FALSE,0,NA,2018-11-15 09:45:39,FALSE,NA,"1063005095732920320",NA,"<a href=""http://twitter.com/download/android"" rel=""nofollow"">Twitter for Android</a>","spives75",3989,TRUE,FALSE,NA,NA
"179","RT @DesignationSix: Here are some @FoxNews sponsors. They are tagged so they will be notified for each LIKE RETWEET or COMMENT.
@KraftHeinz…",FALSE,0,NA,2018-11-15 09:45:34,FALSE,NA,"1063005074346176512",NA,"<a href=""http://twitter.com/download/iphone"" rel=""nofollow"">Twitter for iPhone</a>","sherisennhauser",215,TRUE,FALSE,NA,NA
"180","RT @OriginalFunko: RT &amp; follow @OriginalFunko for the chance to win a @Walmart exclusive T-51 Power Armor Pop! #Fallout https://t.co/WSOgqB…",FALSE,0,NA,2018-11-15 09:45:20,FALSE,NA,"1063005015634309120",NA,"<a href=""http://twitter.com/download/iphone"" rel=""nofollow"">Twitter for iPhone</a>","nmahieu22",3989,TRUE,FALSE,NA,NA
"181","RT @OriginalFunko: RT &amp; follow @OriginalFunko for the chance to win a @Walmart exclusive T-51 Power Armor Pop! #Fallout https://t.co/WSOgqB…",FALSE,0,NA,2018-11-15 09:45:14,FALSE,NA,"1063004993324761088",NA,"<a href=""http://twitter.com/download/iphone"" rel=""nofollow"">Twitter for iPhone</a>","steviec412",3989,TRUE,FALSE,NA,NA
"182","In requiring its green vegetable suppliers to use #blockchain by 2019, @Walmart seeks more #transparency in the foo… https://t.co/L4yRC0pO5i",FALSE,1,NA,2018-11-15 09:45:06,TRUE,NA,"1063004959443161090",NA,"<a href=""https://www.hootsuite.com"" rel=""nofollow"">Hootsuite Inc.</a>","255hec",0,FALSE,FALSE,NA,NA
"183","RT @OriginalFunko: RT &amp; follow @OriginalFunko for the chance to win a @Walmart exclusive T-51 Power Armor Pop! #Fallout https://t.co/WSOgqB…",FALSE,0,NA,2018-11-15 09:44:56,FALSE,NA,"1063004917365948416",NA,"<a href=""http://twitter.com/download/android"" rel=""nofollow"">Twitter for Android</a>","Tinysky23_",3989,TRUE,FALSE,NA,NA
"184","RT @OriginalFunko: RT &amp; follow @OriginalFunko for the chance to win a @Walmart exclusive T-51 Power Armor Pop! #Fallout https://t.co/WSOgqB…",FALSE,0,NA,2018-11-15 09:44:55,FALSE,NA,"1063004913712750593",NA,"<a href=""http://twitter.com/download/iphone"" rel=""nofollow"">Twitter for iPhone</a>","marinejk3",3989,TRUE,FALSE,NA,NA
"185","RT @OriginalFunko: RT &amp; follow @OriginalFunko for the chance to win a @Walmart exclusive T-51 Power Armor Pop! #Fallout https://t.co/WSOgqB…",FALSE,0,NA,2018-11-15 09:44:40,FALSE,NA,"1063004850730995712",NA,"<a href=""http://twitter.com/download/iphone"" rel=""nofollow"">Twitter for iPhone</a>","elleffsee",3989,TRUE,FALSE,NA,NA
"186","RT @OriginalFunko: RT &amp; follow @OriginalFunko for the chance to win a @Walmart exclusive T-51 Power Armor Pop! #Fallout https://t.co/WSOgqB…",FALSE,0,NA,2018-11-15 09:44:26,FALSE,NA,"1063004792904138752",NA,"<a href=""http://twitter.com/download/android"" rel=""nofollow"">Twitter for Android</a>","skyeon_e",3989,TRUE,FALSE,NA,NA
"187","RT @OriginalFunko: RT &amp; follow @OriginalFunko for the chance to win a @Walmart exclusive T-51 Power Armor Pop! #Fallout https://t.co/WSOgqB…",FALSE,0,NA,2018-11-15 09:44:23,FALSE,NA,"1063004777502687232",NA,"<a href=""http://twitter.com/download/android"" rel=""nofollow"">Twitter for Android</a>","OfficialThiano",3989,TRUE,FALSE,NA,NA
"188","RT @OriginalFunko: RT &amp; follow @OriginalFunko for the chance to win a @Walmart exclusive T-51 Power Armor Pop! #Fallout https://t.co/WSOgqB…",FALSE,0,NA,2018-11-15 09:44:08,FALSE,NA,"1063004714432786432",NA,"<a href=""http://twitter.com/download/android"" rel=""nofollow"">Twitter for Android</a>","ktruon22",3989,TRUE,FALSE,NA,NA
"189","RT @OriginalFunko: RT &amp; follow @OriginalFunko for the chance to win a @Walmart exclusive T-51 Power Armor Pop! #Fallout https://t.co/WSOgqB…",FALSE,0,NA,2018-11-15 09:44:07,FALSE,NA,"1063004712096751616",NA,"<a href=""http://twitter.com/download/iphone"" rel=""nofollow"">Twitter for iPhone</a>","BigRed_Ginger_",3989,TRUE,FALSE,NA,NA
"190","RT @OriginalFunko: RT &amp; follow @OriginalFunko for the chance to win a @Walmart exclusive T-51 Power Armor Pop! #Fallout https://t.co/WSOgqB…",FALSE,0,NA,2018-11-15 09:44:04,FALSE,NA,"1063004698440069120",NA,"<a href=""http://twitter.com/download/android"" rel=""nofollow"">Twitter for Android</a>","Twenteries",3989,TRUE,FALSE,NA,NA
"191","RT @OriginalFunko: RT &amp; follow @OriginalFunko for the chance to win a @Walmart exclusive T-51 Power Armor Pop! #Fallout https://t.co/WSOgqB…",FALSE,0,NA,2018-11-15 09:43:30,FALSE,NA,"1063004554403463169",NA,"<a href=""http://www.tweetcaster.com"" rel=""nofollow"">TweetCaster for Android</a>","SanJuanzMexican",3989,TRUE,FALSE,NA,NA
"192","RT @OriginalFunko: RT &amp; follow @OriginalFunko for the chance to win a @Walmart exclusive T-51 Power Armor Pop! #Fallout https://t.co/WSOgqB…",FALSE,0,NA,2018-11-15 09:43:28,FALSE,NA,"1063004546232934401",NA,"<a href=""http://twitter.com/download/android"" rel=""nofollow"">Twitter for Android</a>","keisertom",3989,TRUE,FALSE,NA,NA
"193","RT @OriginalFunko: RT &amp; follow @OriginalFunko for the chance to win a @Walmart exclusive T-51 Power Armor Pop! #Fallout https://t.co/WSOgqB…",FALSE,0,NA,2018-11-15 09:43:22,FALSE,NA,"1063004522329468928",NA,"<a href=""http://twitter.com/download/android"" rel=""nofollow"">Twitter for Android</a>","zarik_hussain",3989,TRUE,FALSE,NA,NA
"194","RT @OriginalFunko: RT &amp; follow @OriginalFunko for the chance to win a @Walmart exclusive T-51 Power Armor Pop! #Fallout https://t.co/WSOgqB…",FALSE,0,NA,2018-11-15 09:43:21,FALSE,NA,"1063004519800414208",NA,"<a href=""http://twitter.com/download/android"" rel=""nofollow"">Twitter for Android</a>","Mysticfreddy88",3989,TRUE,FALSE,NA,NA
"195","RT @OriginalFunko: RT &amp; follow @OriginalFunko for the chance to win a @Walmart exclusive T-51 Power Armor Pop! #Fallout https://t.co/WSOgqB…",FALSE,0,NA,2018-11-15 09:43:19,FALSE,NA,"1063004510195314688",NA,"<a href=""http://twitter.com/download/iphone"" rel=""nofollow"">Twitter for iPhone</a>","DK973",3989,TRUE,FALSE,NA,NA
"196","RT @OriginalFunko: RT &amp; follow @OriginalFunko for the chance to win a @Walmart exclusive T-51 Power Armor Pop! #Fallout https://t.co/WSOgqB…",FALSE,0,NA,2018-11-15 09:43:09,FALSE,NA,"1063004465949749248",NA,"<a href=""http://twitter.com/download/iphone"" rel=""nofollow"">Twitter for iPhone</a>","MCLamb967",3989,TRUE,FALSE,NA,NA
"197","RT @OriginalFunko: RT &amp; follow @OriginalFunko for the chance to win a @Walmart exclusive T-51 Power Armor Pop! #Fallout https://t.co/WSOgqB…",FALSE,0,NA,2018-11-15 09:42:57,FALSE,NA,"1063004416436064257",NA,"<a href=""http://twitter.com/download/iphone"" rel=""nofollow"">Twitter for iPhone</a>","Gregdoom",3989,TRUE,FALSE,NA,NA
"198","RT @OriginalFunko: RT &amp; follow @OriginalFunko for the chance to win a @Walmart exclusive T-51 Power Armor Pop! #Fallout https://t.co/WSOgqB…",FALSE,0,NA,2018-11-15 09:42:22,FALSE,NA,"1063004271929671681",NA,"<a href=""http://twitter.com/download/android"" rel=""nofollow"">Twitter for Android</a>","RoseXeno",3989,TRUE,FALSE,NA,NA
"199","RT @DesignationSix: Here are some @FoxNews sponsors. They are tagged so they will be notified for each LIKE RETWEET or COMMENT.
@KraftHeinz…",FALSE,0,NA,2018-11-15 09:42:22,FALSE,NA,"1063004269790552065",NA,"<a href=""http://twitter.com/download/android"" rel=""nofollow"">Twitter for Android</a>","MrToddMarshall1",215,TRUE,FALSE,NA,NA
"200","RT @OriginalFunko: RT &amp; follow @OriginalFunko for the chance to win a @Walmart exclusive T-51 Power Armor Pop! #Fallout https://t.co/WSOgqB…",FALSE,0,NA,2018-11-15 09:42:07,FALSE,NA,"1063004206402027520",NA,"<a href=""http://twitter.com/download/iphone"" rel=""nofollow"">Twitter for iPhone</a>","DadsAlterEgo",3989,TRUE,FALSE,NA,NA
